{
  "pr_auc": 0.48117269611767044,
  "roc_auc": 0.9226468835560522,
  "recall_at_k": 0.0292679946229989,
  "precision_at_k": 0.958,
  "f1_at_k": 0.0568006640578679,
  "positive_rate": 0.04140314305663776,
  "n_samples": 395284,
  "k": 500
}