{
  "pr_auc": 0.483624082328318,
  "roc_auc": 0.923888228129685,
  "recall_at_k": 0.029634608334351706,
  "precision_at_k": 0.97,
  "f1_at_k": 0.05751215463061781,
  "positive_rate": 0.041404609507425305,
  "n_samples": 395270,
  "k": 500
}