{
  "pr_auc": 0.48381456649411186,
  "roc_auc": 0.9236066921339416,
  "recall_at_k": 0.0292679946229989,
  "precision_at_k": 0.958,
  "f1_at_k": 0.0568006640578679,
  "positive_rate": 0.041402095655385614,
  "n_samples": 395294,
  "k": 500
}